{"output": [0.02428218349814415, -0.004617694765329361, -0.017281172797083855, 0.02427104488015175, -0.1648816466331482, 0.09128721058368683, 0.1378617137670517, -0.06638582795858383, 0.02973480522632599, 0.12802164256572723, 0.008920460939407349, -0.05490509420633316, 0.021843822672963142, -0.004790065810084343, -0.03162123262882233, -0.046620506793260574, 0.8433215618133545, 0.007798977196216583, -0.3827441334724426, -0.11611023545265198, -1.4323711395263672, 0.060340095311403275, -0.004889138042926788, 0.017989955842494965, 0.20119276642799377, 0.010624952614307404, 1.6269766092300415, -0.07986239343881607, 0.8366384506225586, 0.18993577361106873, 0.42531225085258484, -0.12207356095314026, -0.16114546358585358, 0.05812828987836838, 0.6605551838874817, -0.02065996825695038, 0.44192078709602356, 0.038419608026742935, -0.5654934048652649, 0.05650864169001579, 0.15763932466506958, -0.3578524887561798, 0.05914695933461189, 0.19881972670555115, -0.038164425641298294, 0.05941503867506981, -0.4684261083602905, -0.021617863327264786, -0.3363058269023895, -0.011678379029035568, -0.13455736637115479, -0.021228935569524765, 0.0005518114194273949, -0.04033863544464111, 0.020452406257390976, -0.008568793535232544, 0.005826283246278763, 0.0329250767827034, -0.04193664342164993, -0.004240708891302347, -0.07741466164588928, -0.5305423140525818, -0.03372122347354889, -0.060838062316179276], "output_ground_truth": [1.0, 0.0, 0.0, 0.0, -0.24459078907966614, 0.8026309013366699, 0.15858308970928192, -0.5203944444656372, 0.8438539505004883, 0.0, 0.5365729331970215, 0.0, -0.83907151222229, 0.0, 0.5440211296081543, 0.0, -0.83907151222229, 0.0, 0.5440211296081543, 0.0, 0.8438539505004883, 0.0, 0.5365729331970215, 0.0, -0.83907151222229, 0.0, 0.5440211296081543, 0.0, 0.24586880207061768, 0.8022403120994568, -0.1594116985797882, -0.5201411843299866, 0.8438539505004883, 0.0, 0.5365729331970215, 0.0, -0.83907151222229, 0.0, 0.5440211296081543, 0.0, -0.05935357138514519, -0.8369696140289307, 0.038482531905174255, 0.5426583290100098, 0.8438539505004883, 0.0, 0.5365729331970215, 0.0, -0.83907151222229, 0.0, 0.5440211296081543, 0.0, 0.049780067056417465, -0.7580552101135254, 0.04261140897870064, -0.6488902568817139, 0.28366219997406006, -0.9589242935180664, 0.0, 0.0, 0.28366219997406006, -0.9589242935180664, 0.0, 0.0], "error": [0.9757178165018559, 0.004617694765329361, 0.017281172797083855, 0.02427104488015175, 0.07970914244651794, 0.7113436907529831, 0.020721375942230225, 0.4540086165070534, 0.8141191452741623, 0.12802164256572723, 0.5276524722576141, 0.05490509420633316, 0.8609153348952532, 0.004790065810084343, 0.5756423622369766, 0.046620506793260574, 1.6823930740356445, 0.007798977196216583, 0.9267652630805969, 0.11611023545265198, 2.2762250900268555, 0.060340095311403275, 0.5414620712399483, 0.017989955842494965, 1.0402642786502838, 0.010624952614307404, 1.0829554796218872, 0.07986239343881607, 0.5907696485519409, 0.6123045384883881, 0.584723949432373, 0.3980676233768463, 1.0049994140863419, 0.05812828987836838, 0.1239822506904602, 0.02065996825695038, 1.2809922993183136, 0.038419608026742935, 1.1095145344734192, 0.05650864169001579, 0.21699289605021477, 0.47911712527275085, 0.020664427429437637, 0.3438386023044586, 0.8820183761417866, 0.05941503867506981, 1.004999041557312, 0.021617863327264786, 0.5027656853199005, 0.011678379029035568, 0.6785784959793091, 0.021228935569524765, 0.04922825563699007, 0.7177165746688843, 0.022159002721309662, 0.6403214633464813, 0.2778359167277813, 0.9918493703007698, 0.04193664342164993, 0.004240708891302347, 0.36107686161994934, 0.4283819794654846, 0.03372122347354889, 0.060838062316179276], "geodesic_distance": [0.0005896244354375441, 0.028902659115737632, 0.0008927134532332304, 0.001262462479423933, 0.838740914599499, 1.4673335089835164, 0.5130778594733026, 0.125155453091845, 0.0477216243007889, 0.46028558813592857, 0.16025811033285656, 0.08040058678846046, 0.043673722211656885, 0.0013718204414514112, 0.0008952039866287257, 0.2369647966137509], "mean_error": 0.4202253240728169, "euclidean_distance": [0.9758817651116029, 0.7162070073541652, 0.932385747416551, 0.5457300081675969, 1.035645831252189, 1.6830569661369377, 2.4604016135780524, 0.5451107595753902, 1.5016841311996751, 0.8545780405495088, 1.228976709353995, 0.1384822402289692, 1.6951223670878504, 0.5289918366586905, 0.9468940906180924, 1.0069858749588854, 0.8446173654842033, 0.719716034567045, 0.6983519130408027, 0.9927445990985843, 0.5612706488323008, 0.060838062316179276], "euclidean_distance_mean": 0.9397124369357851}