{"output": [-0.9957009553909302, -0.9926168918609619, -0.045005619525909424, 0.09105028957128525, 0.15155348181724548, -1.1494622230529785, -0.49886834621429443, -0.09274967014789581, 1.0975377559661865, -0.003560621291399002, 0.14239464700222015, 0.0061684660613536835, 1.0348255634307861, 0.008806636556982994, -0.25146010518074036, 0.03423168510198593, -0.9491849541664124, 0.02354869619011879, 0.37466615438461304, -0.06709092855453491, 1.12080979347229, 0.028636887669563293, 0.07787248492240906, 0.028160985559225082, -0.959359884262085, 0.0088580884039402, 0.3714281916618347, 0.009821753948926926, 0.30079004168510437, 0.6187906265258789, -1.0276484489440918, -0.49912741780281067, 1.0402122735977173, 0.01878524199128151, 0.19038166105747223, 0.025290483608841896, 1.0503768920898438, -0.06615661084651947, -0.2268519401550293, -0.0388638861477375, 0.30660682916641235, -0.781161904335022, -0.2596481442451477, 0.6844927072525024, -0.5441873073577881, -0.021821845322847366, -0.9936175346374512, -0.00011815223842859268, -0.6575084328651428, 0.0012014862149953842, 0.8252800703048706, -0.08929580450057983, 0.3415636122226715, 0.9746173620223999, -1.0649664402008057, 0.3695690631866455, 0.2537725567817688, 1.1243386268615723, 0.9998685121536255, -0.17282995581626892, -1.0188902616500854, 0.7638431191444397, -0.08149606734514236, 0.05814380198717117], "output_ground_truth": [1.0, 0.0, 0.0, 0.0, -0.24459078907966614, 0.8026309013366699, 0.15858308970928192, -0.5203944444656372, 0.8438539505004883, 0.0, 0.5365729331970215, 0.0, -0.83907151222229, 0.0, 0.5440211296081543, 0.0, -0.83907151222229, 0.0, 0.5440211296081543, 0.0, 0.8438539505004883, 0.0, 0.5365729331970215, 0.0, -0.83907151222229, 0.0, 0.5440211296081543, 0.0, 0.24586880207061768, 0.8022403120994568, -0.1594116985797882, -0.5201411843299866, 0.8438539505004883, 0.0, 0.5365729331970215, 0.0, -0.83907151222229, 0.0, 0.5440211296081543, 0.0, -0.05935357138514519, -0.8369696140289307, 0.038482531905174255, 0.5426583290100098, 0.8438539505004883, 0.0, 0.5365729331970215, 0.0, -0.83907151222229, 0.0, 0.5440211296081543, 0.0, 0.049780067056417465, -0.7580552101135254, 0.04261140897870064, -0.6488902568817139, 0.28366219997406006, -0.9589242935180664, 0.0, 0.0, 0.28366219997406006, -0.9589242935180664, 0.0, 0.0], "error": [1.9957009553909302, 0.9926168918609619, 0.045005619525909424, 0.09105028957128525, 0.3961442708969116, 1.9520931243896484, 0.6574514359235764, 0.4276447743177414, 0.25368380546569824, 0.003560621291399002, 0.39417828619480133, 0.0061684660613536835, 1.8738970756530762, 0.008806636556982994, 0.7954812347888947, 0.03423168510198593, 0.11011344194412231, 0.02354869619011879, 0.16935497522354126, 0.06709092855453491, 0.27695584297180176, 0.028636887669563293, 0.4587004482746124, 0.028160985559225082, 0.12028837203979492, 0.0088580884039402, 0.17259293794631958, 0.009821753948926926, 0.054921239614486694, 0.18344968557357788, 0.8682367503643036, 0.021013766527175903, 0.196358323097229, 0.01878524199128151, 0.34619127213954926, 0.025290483608841896, 1.8894484043121338, 0.06615661084651947, 0.7708730697631836, 0.0388638861477375, 0.36596040055155754, 0.05580770969390869, 0.29813067615032196, 0.14183437824249268, 1.3880412578582764, 0.021821845322847366, 1.5301904678344727, 0.00011815223842859268, 0.18156307935714722, 0.0012014862149953842, 0.2812589406967163, 0.08929580450057983, 0.29178354516625404, 1.7326725721359253, 1.1075778491795063, 1.0184593200683594, 0.02988964319229126, 2.0832629203796387, 0.9998685121536255, 0.17282995581626892, 1.3025524616241455, 1.722767412662506, 0.08149606734514236, 0.05814380198717117], "geodesic_distance": [0.9914203925664111, 0.981106408046975, 1.0051399570879684, 1.0102104528526565, 1.000520786597654, 0.9753222353346473, 1.0141221764843444, 0.9876574884329672, 0.9602841336555638, 1.0095297484568855, 0.9941372541997581, 0.9847840938633217, 1.0013332263840016, 1.0140493917359426, 1.012377951557535, 1.043438503398208], "mean_error": 0.4818430550949415, "euclidean_distance": [2.229380206053893, 1.9939628895455401, 0.8243045048735343, 0.3942426274580179, 2.0357696829184437, 0.1176916286485901, 0.3314918389395089, 0.46045544159060214, 0.21056134594720433, 0.19174617740249664, 0.8904118283785208, 0.34762176396687183, 2.0417240899304883, 0.37222562630700257, 1.4267646703048364, 1.530346063720467, 0.33477333686632443, 1.759336698919032, 1.5049523146589625, 2.3172379313856526, 2.161298702726606, 0.05814380198717117], "euclidean_distance_mean": 1.069747416933171}