{
  "left_hand": [
    [
      -0.260914521038897,
      0.24301230527179207,
      0.12769576769039448
    ],
    [
      [
        0.006437983638778455,
        -0.05722087066997639,
        0.012690379292029874
      ],
      [
        0.004244391632968636,
        -0.0384518965601659,
        0.0006775459098316006
      ],
      [
        0.010745360250122182,
        -0.037491073184162005,
        0.01137517573258573
      ]
    ]
  ],
  "right_hand": [
    [
      0.20864680789499257,
      0.2925153514129031,
      0.35263137337043426
    ],
    [
      [
        0.0020491407525575767,
        -0.054575787788901264,
        0.022218102931789385
      ],
      [
        0.0030333256625949545,
        -0.037868691297212376,
        0.007353505945951966
      ],
      [
        -0.00555122711042344,
        -0.03672999881312511,
        0.01642769390818133
      ]
    ]
  ]
}