{
  "left_hand": [
    [
      -0.26093308337639076,
      0.2426456699922388,
      0.12758975122946548
    ],
    [
      [
        0.006433611929863581,
        -0.05722529390006925,
        0.012613944506976171
      ],
      [
        0.004255406947836882,
        -0.03846340829276973,
        0.0006294345855373251
      ],
      [
        0.010745843232689012,
        -0.03749992247514067,
        0.011317991089305757
      ]
    ]
  ],
  "right_hand": [
    [
      0.2093807677500754,
      0.29093220348573245,
      0.35245534279072577
    ],
    [
      [
        0.0021952511712788336,
        -0.054777120543448854,
        0.021700051941514698
      ],
      [
        0.003078456218798209,
        -0.03794223753237702,
        0.0069674243914430445
      ],
      [
        -0.005450300247621165,
        -0.03687309164561481,
        0.016141270732894952
      ]
    ]
  ]
}