{
  "left_hand": [
    [
      -0.2605087923241767,
      0.24403298114511274,
      0.12754504436411196
    ],
    [
      [
        0.0064355685976016375,
        -0.057182895374757736,
        0.012825024563570375
      ],
      [
        0.0042626215138126256,
        -0.03845181805046716,
        0.0007705527847345905
      ],
      [
        0.010736387307426654,
        -0.03746490976537009,
        0.011473898493830959
      ]
    ]
  ],
  "right_hand": [
    [
      0.2075635262087161,
      0.29531911964643753,
      0.3515062713217434
    ],
    [
      [
        0.0019411145503784866,
        -0.05442284294044408,
        0.02259884363777176
      ],
      [
        0.00312197159967198,
        -0.0378053333222752,
        0.007640833129041846
      ],
      [
        -0.005655255562468042,
        -0.03665688789421084,
        0.01655502089454819
      ]
    ]
  ]
}