{
  "left_hand": [
    [
      -0.26066379968691944,
      0.24355546339452694,
      0.12757796721392767
    ],
    [
      [
        0.00644183942430665,
        -0.057190249969239826,
        0.01278019336906766
      ],
      [
        0.004257465012870831,
        -0.038457183775934656,
        0.0007414455191041558
      ],
      [
        0.010749676676111264,
        -0.0374610846946295,
        0.011434780952865431
      ]
    ]
  ],
  "right_hand": [
    [
      0.2082412462207781,
      0.2940987077624304,
      0.35221566930396975
    ],
    [
      [
        0.00204199555656448,
        -0.054413596030606914,
        0.022607948619380647
      ],
      [
        0.0031177317972108654,
        -0.03780481538466085,
        0.007625081592083749
      ],
      [
        -0.005570656580132116,
        -0.036645164706706757,
        0.01662397314330155
      ]
    ]
  ]
}