{
  "left_hand": [
    [
      -0.2606002441958246,
      0.24422668809831438,
      0.12760357967817004
    ],
    [
      [
        0.006386563112108945,
        -0.057171036739462444,
        0.01290938946225606
      ],
      [
        0.004243126185397905,
        -0.03845278289250209,
        0.0008214607111536321
      ],
      [
        0.010716926818189698,
        -0.03745192885514648,
        0.011523654325481747
      ]
    ]
  ],
  "right_hand": [
    [
      0.2067956856373705,
      0.2963618563459123,
      0.35089657773072047
    ],
    [
      [
        0.0018746881640305801,
        -0.05454384255356359,
        0.02230668644309519
      ],
      [
        0.003147118823573436,
        -0.03784545161913222,
        0.007459901702804084
      ],
      [
        -0.005695488067792631,
        -0.03676587649253893,
        0.016289499358117743
      ]
    ]
  ]
}